Phoneme,Activation levels
O,"[0.47005274 0.36131504 0.42591325 0.43455602 0.41747442 0.44488563
 0.44440758 0.17143387 0.39597443 0.49107116 0.43044332 0.35085692
 0.45183785 0.46271352 0.53072319 0.40630827 0.39904859 0.34507732
 0.32286598 0.36766507 0.40016007 0.45960885 0.47910494 0.40820428
 0.35423643 0.61115728 0.40156599 0.50447299 0.46494795 0.32975678
 0.43093944 0.45552165 0.35593674 0.31617875 0.44020908 0.3777852
 0.54879031 0.36793686 0.33438827 0.42208033 0.41575116 0.29858452
 0.50145307 0.4292854  0.43128709 0.38927729 0.38302359 0.42177386
 0.3617841  0.41972094 0.37370919 0.41989307 0.33724165 0.36035301
 0.64614946 0.44426023 0.52403546 0.46806169 0.3654759  0.37463425
 0.38799968 0.3059113  0.401095   0.44049997 0.16656332 0.23494095
 0.36231954 0.40492046 0.22297153 0.50104077]"
p,"[0.47011967 0.36062505 0.42592664 0.43453174 0.4173957  0.44498118
 0.44416589 0.17186136 0.3957936  0.49099865 0.43095781 0.35069355
 0.45171985 0.46274038 0.53028716 0.40583693 0.39885508 0.34526211
 0.32276638 0.36786132 0.40000128 0.45948147 0.47911973 0.40815381
 0.35452813 0.61067645 0.40127864 0.50433085 0.4649687  0.33004123
 0.43035376 0.45566385 0.35582739 0.31674545 0.43996221 0.37751063
 0.54859161 0.36791697 0.33425705 0.4220617  0.41568645 0.29843006
 0.50130332 0.42913771 0.4307808  0.38918906 0.38313285 0.4212716
 0.3617309  0.41893797 0.3736783  0.42074231 0.33759407 0.35974952
 0.64616956 0.44391295 0.52360631 0.46798663 0.36543112 0.37456937
 0.38766922 0.30560709 0.40188547 0.44066343 0.16702134 0.23520973
 0.36237198 0.40450736 0.22281522 0.50072671]"
pʲ,"[0.46948753 0.36020837 0.42643023 0.43401272 0.41765521 0.44473163
 0.44457329 0.16959407 0.3962164  0.49093797 0.43057579 0.35167028
 0.4518185  0.46279716 0.53010569 0.40901088 0.39987278 0.34495439
 0.32399538 0.36733312 0.40049595 0.46009576 0.47910452 0.40885692
 0.35364797 0.6115006  0.40370881 0.50499832 0.4645013  0.32943961
 0.43305741 0.455598   0.35640167 0.31266396 0.44093337 0.37856886
 0.54935146 0.36855961 0.33522023 0.42204869 0.41601243 0.29951764
 0.50195636 0.4296549  0.43401605 0.39011539 0.38244441 0.42500609
 0.3623348  0.42236663 0.37424916 0.42039846 0.33636959 0.35933218
 0.64623879 0.44565924 0.52349001 0.46819979 0.36563669 0.3748127
 0.3893609  0.30724117 0.40176172 0.44104406 0.16515101 0.23486847
 0.3623918  0.40448115 0.22384994 0.50051104]"
b,"[0.46988845 0.36093849 0.42582849 0.43451166 0.4174396  0.44496695
 0.44452171 0.1721467  0.39578493 0.49094827 0.43076996 0.35034753
 0.45166748 0.46258658 0.53122836 0.40630176 0.39878762 0.3452042
 0.32254492 0.36796955 0.40025011 0.45942864 0.47917767 0.4079382
 0.35408554 0.61067794 0.40169582 0.50431644 0.46507021 0.3299735
 0.42966617 0.45552385 0.3558894  0.31631711 0.4398563  0.37751686
 0.54842592 0.36773329 0.33399258 0.42211436 0.41562501 0.29808042
 0.5012983  0.42903253 0.4311507  0.38892761 0.38326844 0.42177249
 0.36153983 0.41815293 0.37345349 0.42042084 0.33715421 0.36000559
 0.6461497  0.44361688 0.52445692 0.46799617 0.3652944  0.37459802
 0.3871168  0.30527809 0.40152139 0.43996524 0.16723359 0.23512323
 0.36246679 0.40453074 0.22239831 0.50137426]"
bʲ,"[0.4697627  0.35996038 0.42645787 0.43394382 0.41765606 0.44470205
 0.44471108 0.16931144 0.39636319 0.49102622 0.43066135 0.35187469
 0.45178585 0.46295646 0.53002393 0.40833848 0.39991154 0.34501217
 0.32414723 0.36724537 0.40071965 0.46020054 0.47909334 0.40905888
 0.3534107  0.61143415 0.40315229 0.50514502 0.4644626  0.32953351
 0.43373058 0.45567803 0.35647102 0.31327901 0.44118985 0.37895473
 0.54949732 0.36866881 0.33546864 0.42195929 0.41599837 0.29980961
 0.50204519 0.4297383  0.43348192 0.39007001 0.38225155 0.4242292
 0.36244564 0.42306748 0.37450662 0.42062157 0.33609152 0.35907341
 0.64624349 0.44586753 0.52335516 0.46827627 0.36578657 0.3748026
 0.38991095 0.30752102 0.40203177 0.44112648 0.1648743  0.2348857
 0.3624249  0.40443889 0.22415476 0.50055115]"
f,"[0.46957808 0.36047854 0.42642045 0.43411017 0.41761595 0.44478019
 0.44472862 0.16988491 0.39625675 0.49095845 0.4305222  0.35155967
 0.45184841 0.46274864 0.53081266 0.40869069 0.39963015 0.34486873
 0.3235468  0.36738136 0.40055162 0.45998107 0.47918854 0.40863794
 0.35354703 0.6117972  0.40336901 0.5047299  0.46459067 0.32939083
 0.43266647 0.45553692 0.35621673 0.31307829 0.44070242 0.37806907
 0.54938076 0.36839611 0.33497493 0.42210588 0.4160219  0.29929583
 0.50199916 0.42960873 0.43362993 0.39007231 0.38253192 0.42456699
 0.3622599  0.42198903 0.37406253 0.42022289 0.33631377 0.35956107
 0.64617977 0.44509747 0.52415362 0.46809497 0.36560236 0.37479394
 0.38899896 0.3070066  0.40148747 0.4414173  0.16531199 0.23465844
 0.36225008 0.40453786 0.22375161 0.50104412]"
fʲ,"[0.4697195  0.36027478 0.42628496 0.43415794 0.41756706 0.44482852
 0.4445066  0.17019288 0.39611453 0.49097622 0.43066349 0.35136418
 0.45192636 0.46280799 0.53043899 0.40801151 0.39952842 0.34499936
 0.32345225 0.36748123 0.40042643 0.45992508 0.47907735 0.40873013
 0.35376599 0.61143208 0.40296694 0.50482237 0.46463806 0.32958847
 0.43228183 0.45552978 0.35623936 0.31386945 0.44071981 0.37834315
 0.54923275 0.36836476 0.33515557 0.42201431 0.41582162 0.29917672
 0.50180571 0.42954645 0.43302671 0.38994362 0.38262569 0.42384138
 0.36217539 0.42149806 0.37403437 0.42054472 0.33661322 0.35937839
 0.64621683 0.44513798 0.52378893 0.46814063 0.36557304 0.37477084
 0.38881299 0.30679862 0.40181233 0.44087307 0.16561938 0.23481948
 0.36239483 0.40440526 0.22358624 0.50081406]"
v,"[0.47001578 0.36056423 0.42605694 0.43438174 0.41751633 0.44490434
 0.44445    0.17097083 0.39608105 0.49103393 0.43076092 0.35106902
 0.45177321 0.46276168 0.53089937 0.40665443 0.3992442  0.34500161
 0.32308468 0.36759153 0.40026851 0.45972128 0.4791691  0.40831058
 0.35398032 0.61147321 0.40185536 0.50456023 0.46484375 0.32969422
 0.43138994 0.45560632 0.35607701 0.31555958 0.44034403 0.37805185
 0.54909553 0.36806257 0.33475089 0.42204877 0.41574982 0.29879109
 0.50162619 0.4293399  0.43165919 0.38937461 0.38276814 0.42219785
 0.36190975 0.42028451 0.37378771 0.42050657 0.3369797  0.35965892
 0.64618836 0.44460334 0.52416826 0.46808858 0.36552134 0.37469198
 0.3882584  0.30625759 0.40171765 0.44066169 0.16620099 0.23475603
 0.36235549 0.40450137 0.22317395 0.50121109]"
vʲ,"[0.47007827 0.36150621 0.42576714 0.43461248 0.417432   0.44491552
 0.44446663 0.17180713 0.39590882 0.49105957 0.43044722 0.35062816
 0.45179915 0.46267136 0.53105362 0.40596877 0.3989156  0.34505266
 0.32277632 0.36773021 0.40012529 0.45950182 0.47910756 0.40807584
 0.35425202 0.61113023 0.40130641 0.50443852 0.46502238 0.32978848
 0.43041781 0.45554952 0.35584951 0.31666114 0.44009527 0.37772148
 0.54867076 0.36780829 0.33414732 0.42205858 0.41572156 0.29839031
 0.50128709 0.4291871  0.43093307 0.38898614 0.38317308 0.42136027
 0.3616243  0.41898254 0.37360609 0.41977826 0.33730382 0.36052899
 0.64618202 0.44413025 0.52432205 0.46804968 0.36538963 0.37456309
 0.38767439 0.30558449 0.40098424 0.44008413 0.16685165 0.23491286
 0.36237504 0.40505978 0.2226651  0.5012971 ]"
m,"[0.47009562 0.35944509 0.4264314  0.43415882 0.41758478 0.44490208
 0.44425391 0.16989888 0.39628707 0.49101668 0.43116035 0.35178245
 0.45181897 0.46293287 0.53010749 0.40698817 0.39977787 0.34497888
 0.32362511 0.36736255 0.40031239 0.45998974 0.47911829 0.40872207
 0.35391147 0.61172592 0.40209447 0.50475383 0.46454927 0.32968014
 0.43296366 0.45573995 0.35628077 0.31477185 0.44070978 0.37851689
 0.54960902 0.36846941 0.33556753 0.42198554 0.41581814 0.29950658
 0.50193948 0.42959687 0.43215208 0.38982062 0.38220793 0.42266884
 0.36225587 0.42218524 0.37417024 0.42138964 0.33683444 0.35865398
 0.64628363 0.44569361 0.52341902 0.46819288 0.36573221 0.37476284
 0.38925035 0.30722441 0.40268184 0.44151824 0.16536842 0.23471078
 0.36235648 0.40400343 0.22393774 0.50069714]"
mʲ,"[0.46957229 0.35748954 0.42685764 0.43352285 0.41753234 0.44475732
 0.44431562 0.16866639 0.3963733  0.49073276 0.43203301 0.3522095
 0.4516848  0.46307269 0.52996104 0.40925496 0.40008322 0.34487463
 0.32460547 0.36726055 0.40043691 0.46022405 0.47921129 0.40942952
 0.3535487  0.6121609  0.40393594 0.50502043 0.46417363 0.32953666
 0.43416294 0.45599772 0.35658748 0.31178068 0.44118297 0.37884619
 0.55014184 0.36898121 0.33606195 0.42186862 0.41603265 0.30027414
 0.50214001 0.42982555 0.43436091 0.39032396 0.3819791  0.42542372
 0.36269858 0.42337636 0.37474497 0.42291225 0.33628132 0.35684069
 0.6463007  0.44618081 0.523281   0.46805737 0.36574314 0.37474541
 0.39017452 0.30781789 0.40428554 0.44195865 0.16451328 0.23448533
 0.36247197 0.4031961  0.22452248 0.50058814]"
t,"[0.46997916 0.36092117 0.425868   0.43449922 0.41742731 0.44487951
 0.44436328 0.17177149 0.3957956  0.49102206 0.43073794 0.35061882
 0.45174291 0.46269184 0.53060319 0.40626703 0.39889873 0.34523125
 0.32295163 0.36780942 0.40011491 0.45947702 0.47918478 0.40811057
 0.35433186 0.61075968 0.40163803 0.50448551 0.46498205 0.32991993
 0.43031914 0.45558202 0.35592709 0.31629989 0.44002397 0.37777019
 0.54855954 0.36787653 0.33424754 0.42204158 0.41579814 0.29845446
 0.50127647 0.42910311 0.43118968 0.38909809 0.38319375 0.42173845
 0.36170995 0.41874926 0.37370718 0.42036588 0.33735169 0.35998812
 0.64611094 0.44399535 0.52388482 0.46800868 0.36538727 0.3745924
 0.38762606 0.30556742 0.40155701 0.4402132  0.16693107 0.23514601
 0.36246347 0.40464175 0.22286648 0.50093776]"
tʲ,"[0.46989963 0.3603198  0.42631112 0.43412048 0.41758291 0.44466773
 0.44464803 0.169819   0.39630332 0.4910681  0.43066893 0.35168057
 0.45177236 0.46283774 0.5304264  0.40755798 0.39965077 0.3449597
 0.32396868 0.36729296 0.40052109 0.46005613 0.47916134 0.40881189
 0.35368071 0.61169155 0.4024607  0.50484412 0.46459746 0.32952393
 0.43316488 0.45577797 0.35652842 0.31429261 0.4409535  0.37860618
 0.54945709 0.36843802 0.33515107 0.42193028 0.41596359 0.29961686
 0.50186682 0.42963048 0.4326668  0.38976202 0.3824725  0.42326751
 0.36228342 0.42225301 0.3742631  0.42042477 0.33643584 0.3594104
 0.64616856 0.44538045 0.52372992 0.46816764 0.36573755 0.37470225
 0.38971963 0.3071005  0.40179892 0.44099764 0.16523041 0.23471774
 0.36236765 0.40463868 0.22390861 0.50088752]"
d,"[0.47001708 0.35999523 0.42641706 0.43414608 0.41758508 0.44479487
 0.44458493 0.16985203 0.39627852 0.49109757 0.43081292 0.35173883
 0.45191902 0.46287011 0.53040023 0.4071002  0.39972233 0.34500342
 0.32373495 0.3672878  0.40057276 0.46000417 0.47908877 0.40876235
 0.3536256  0.61160318 0.4021315  0.50482065 0.46454844 0.329649
 0.43315199 0.45571394 0.35647735 0.31470635 0.44083163 0.37860552
 0.54948456 0.36848103 0.33535057 0.42194964 0.41588584 0.29960451
 0.50185906 0.42966854 0.43229032 0.3898039  0.38238074 0.42276802
 0.36219932 0.42226818 0.37419489 0.42079819 0.33641871 0.35911252
 0.64623251 0.44572678 0.5236887  0.46819262 0.36573092 0.37469932
 0.38947989 0.30722557 0.40213947 0.44117229 0.16527088 0.23474949
 0.36242851 0.40435988 0.22396462 0.50090943]"
dʲ,"[0.46993183 0.3615445  0.42555941 0.43474139 0.4173751  0.44504911
 0.44427657 0.17288455 0.39554489 0.490981   0.43062285 0.34998623
 0.45178225 0.46251058 0.53092911 0.40581363 0.39849024 0.34529019
 0.32216623 0.36812204 0.39991844 0.4592228  0.47912735 0.4077369
 0.35459352 0.61033423 0.4013722  0.50424104 0.46522251 0.33006367
 0.42865561 0.45542082 0.35560197 0.31714305 0.43959301 0.37723188
 0.5480609  0.36757874 0.33362918 0.42216351 0.41557628 0.2976362
 0.50104078 0.42884974 0.43060712 0.38875588 0.38358904 0.42120385
 0.36136977 0.41700757 0.37325949 0.42003193 0.3377735  0.36059303
 0.64613922 0.44316431 0.52421113 0.46794761 0.36517416 0.37455604
 0.38643824 0.30472485 0.40108775 0.43961486 0.16786693 0.23530926
 0.36244224 0.40479572 0.22197841 0.50109574]"
s,"[0.4698148  0.36038636 0.42620071 0.43417386 0.41762912 0.44478577
 0.44455397 0.17028787 0.39616456 0.49100196 0.43070412 0.351322
 0.4517341  0.46281185 0.53039395 0.40765037 0.39948947 0.34500699
 0.32348486 0.36750652 0.40040526 0.45989943 0.4791395  0.40864819
 0.35379125 0.61133797 0.40271267 0.50491665 0.46471696 0.3296348
 0.43220436 0.45568221 0.35624543 0.31430639 0.44071838 0.37900687
 0.54917612 0.36826807 0.33499752 0.42213522 0.41601611 0.29907666
 0.50173646 0.42941859 0.43271907 0.38938338 0.38246127 0.42340938
 0.36211011 0.42100328 0.37427292 0.42043638 0.33667896 0.35951235
 0.6461398  0.44521009 0.52363919 0.46817876 0.36562904 0.37479833
 0.38892205 0.30674022 0.40174999 0.44064295 0.16569289 0.23488305
 0.36241769 0.40452448 0.22351483 0.50077005]"
sʲ,"[0.46990067 0.36086573 0.42593116 0.43443406 0.41748006 0.44492817
 0.44428346 0.17142858 0.39579314 0.49103796 0.43064374 0.35075925
 0.4518893  0.46274322 0.53005057 0.40677925 0.39902705 0.34526494
 0.32295306 0.36776985 0.40012287 0.45960183 0.47910139 0.40832094
 0.35433825 0.61057871 0.40209281 0.50468305 0.46487887 0.32990315
 0.4306886  0.45555797 0.35591946 0.31565718 0.44023827 0.37790006
 0.54857975 0.36807485 0.33449006 0.42204028 0.4157373  0.29851328
 0.50141358 0.42918884 0.43172105 0.38951218 0.38306846 0.42238824
 0.3618755  0.41950951 0.37377436 0.42033769 0.33732051 0.35995418
 0.64619501 0.44425607 0.52341139 0.46810923 0.36544911 0.37468402
 0.38783896 0.30587432 0.40152951 0.44036865 0.16668659 0.23527584
 0.3624163  0.40460192 0.22295548 0.50047505]"
n,"[0.47012681 0.36141037 0.42581667 0.43448373 0.41759129 0.44499698
 0.44433702 0.17134421 0.39583607 0.49119782 0.4302875  0.35088546
 0.45179302 0.46283536 0.5300339  0.40606329 0.39911296 0.34520425
 0.3230439  0.36764003 0.40018806 0.45961449 0.47901109 0.40832414
 0.35425393 0.61062058 0.40153632 0.5049458  0.46489649 0.32989696
 0.430891   0.45558806 0.35603094 0.31646324 0.44032566 0.37896062
 0.54861997 0.3679347  0.33466324 0.4221947  0.41596793 0.2985091
 0.50131761 0.4292308  0.43117508 0.38900636 0.38286671 0.4215243
 0.36177844 0.41932946 0.37397819 0.41973829 0.33728672 0.36047289
 0.64620471 0.44496741 0.52329979 0.46818248 0.36551077 0.37475175
 0.38807869 0.30597948 0.4010358  0.44009215 0.16654811 0.23524328
 0.36249234 0.40503509 0.22297752 0.50050048]"
nʲ,"[0.46972443 0.36067177 0.42623392 0.43422407 0.41759855 0.44477831
 0.44449754 0.17027491 0.39608592 0.49106569 0.43040488 0.35134777
 0.45180817 0.46272249 0.53012317 0.40776368 0.39970155 0.34509778
 0.32384506 0.3674725  0.40046101 0.45989845 0.47907495 0.40866506
 0.35382832 0.61111164 0.40276407 0.50476102 0.46464704 0.32965846
 0.43213473 0.45559654 0.3565448  0.3142645  0.44066766 0.3782736
 0.54904115 0.36842235 0.33536348 0.42212422 0.41582117 0.29930029
 0.50175429 0.4295292  0.43276627 0.38999605 0.38267197 0.42352013
 0.36222016 0.42121154 0.37406145 0.4201945  0.33663324 0.35973587
 0.64609202 0.44504077 0.52352243 0.46814051 0.36562525 0.37480474
 0.38880189 0.30671477 0.40147477 0.44086135 0.16569638 0.23503159
 0.36241618 0.40467939 0.22357492 0.50058568]"
l,"[0.46967026 0.36004501 0.42646209 0.43410341 0.41749597 0.44481462
 0.44442947 0.17017885 0.39605459 0.49093301 0.43085195 0.35144155
 0.45199345 0.46276855 0.53016602 0.40838008 0.39945481 0.34506538
 0.32346399 0.36751087 0.40029843 0.45982299 0.47920514 0.40865525
 0.35399243 0.61140072 0.40324404 0.50471423 0.46452048 0.32958801
 0.43214848 0.45558751 0.35613779 0.31347404 0.44048689 0.37797782
 0.54918811 0.36842103 0.33503696 0.42200122 0.41606911 0.29918241
 0.50177804 0.42950085 0.43331493 0.39017715 0.38268214 0.42426086
 0.36233422 0.42119052 0.37423762 0.42079765 0.33680914 0.35917122
 0.6460868  0.44486963 0.52353369 0.46800828 0.36553834 0.37478561
 0.38869483 0.30669636 0.40201432 0.44161065 0.16565853 0.23489683
 0.36229866 0.40424552 0.22391897 0.50054323]"
lʲ,"[0.4692978  0.36020569 0.42648738 0.4338648  0.41784385 0.44473203
 0.44477239 0.16856547 0.39658866 0.49058668 0.43030262 0.3521151
 0.45181868 0.46271629 0.53002049 0.41072347 0.40008275 0.34485001
 0.32388401 0.3671067  0.40078817 0.46062389 0.47908133 0.40914692
 0.35320207 0.61186744 0.4049002  0.50506143 0.46433255 0.32907295
 0.43481747 0.45520235 0.35625876 0.31054518 0.44151283 0.37816888
 0.54967481 0.36899173 0.33513041 0.42189336 0.41574661 0.30000914
 0.50269974 0.43008155 0.43564693 0.39111166 0.38224771 0.42703079
 0.36287881 0.42605595 0.37410387 0.42016124 0.3357264  0.35929279
 0.64635857 0.4456284  0.52353359 0.46847583 0.36576514 0.37502568
 0.39027489 0.3084786  0.40151356 0.44132516 0.16425173 0.23478098
 0.36216556 0.40437689 0.2243786  0.50039674]"
r,"[0.47005465 0.35955807 0.42709595 0.43369519 0.41793039 0.44421793
 0.44503711 0.16626911 0.39749846 0.49092519 0.43028266 0.35394609
 0.45192778 0.46330861 0.52948937 0.40941342 0.40090425 0.34470094
 0.32518493 0.36618621 0.40136729 0.46134713 0.47893916 0.41002525
 0.35263776 0.61304673 0.40341761 0.50534962 0.4639332  0.32890796
 0.43989694 0.45553759 0.35700109 0.31123321 0.44268231 0.3793975
 0.55099188 0.36953659 0.33631979 0.42142946 0.41589359 0.3022326
 0.50311175 0.43087838 0.43492734 0.39141188 0.38131471 0.42549598
 0.3633537  0.43137083 0.37500736 0.42034613 0.33479855 0.35859573
 0.64624402 0.44772574 0.52297395 0.46871981 0.3665632  0.37486163
 0.39403999 0.31069445 0.4021063  0.44264508 0.16208987 0.23429562
 0.36212669 0.40457429 0.22663892 0.5004347 ]"
rʲ,"[0.47010129 0.3607412  0.42598572 0.43441342 0.4175862  0.44500131
 0.44422334 0.17102161 0.39587323 0.49126581 0.43053034 0.35097177
 0.45181696 0.46287302 0.52994648 0.4063366  0.39921273 0.34522429
 0.32316098 0.36767206 0.40018974 0.45961205 0.47907144 0.40842374
 0.35422228 0.61081863 0.40185914 0.50483062 0.46483326 0.3298734
 0.43108757 0.45560068 0.35622803 0.31599277 0.44034785 0.37909884
 0.54880777 0.36802906 0.33537375 0.4220489  0.41583495 0.29868167
 0.50146436 0.42919266 0.43143125 0.389288   0.38272236 0.42186765
 0.36209289 0.41964628 0.3740404  0.42034577 0.3372771  0.35983227
 0.64603912 0.44485242 0.52322726 0.46815936 0.36557631 0.37487364
 0.38818898 0.30630292 0.40159094 0.44048507 0.16633081 0.23511119
 0.36251034 0.40455576 0.22348543 0.50046763]"
k,"[0.46968154 0.36089534 0.4259896  0.43433254 0.41751215 0.44492405
 0.44441847 0.17122545 0.39585166 0.49093024 0.43055887 0.35076725
 0.45179184 0.46266125 0.53045391 0.4076553  0.39911467 0.34512469
 0.32298639 0.36776831 0.40021007 0.45966223 0.47911316 0.40836871
 0.35412205 0.61085256 0.40275677 0.50465658 0.46484667 0.32975311
 0.43074836 0.45546154 0.35594189 0.31464132 0.4402608  0.37787958
 0.54867144 0.36806482 0.33441705 0.42214018 0.41582935 0.2985109
 0.50154471 0.42927783 0.43252245 0.38957442 0.38304325 0.42339797
 0.36191683 0.4196661  0.37378883 0.4201894  0.33707607 0.3599788
 0.64617151 0.44423192 0.52380044 0.46806282 0.36540361 0.37472386
 0.38782768 0.30592489 0.40136584 0.44043445 0.16651434 0.23511819
 0.36237897 0.40463559 0.22290457 0.50072478]"
kʲ,"[0.46991437 0.36153339 0.42575654 0.43460354 0.4174956  0.44493545
 0.44425138 0.17179634 0.39584151 0.49098199 0.43035086 0.35055886
 0.45181465 0.46263007 0.53020603 0.40657966 0.39892475 0.3452267
 0.32266361 0.36784937 0.40002425 0.45958129 0.47903588 0.40821079
 0.35447222 0.61056268 0.40189847 0.50449392 0.4650213  0.32986746
 0.4304077  0.45540478 0.35586381 0.31604954 0.44014992 0.37772566
 0.54841989 0.36790527 0.33414861 0.42206155 0.4156034  0.29832806
 0.50142073 0.42919124 0.43148939 0.38923507 0.38320908 0.42213892
 0.3617659  0.41936811 0.37359837 0.419764   0.33749817 0.36058346
 0.64617745 0.44391391 0.52358164 0.46811469 0.36541691 0.37467346
 0.38769193 0.3056804  0.40093797 0.4400222  0.16694516 0.2352858
 0.36236465 0.40495543 0.22268477 0.50056876]"
g,"[0.46972357 0.36088005 0.42602112 0.43430954 0.4175765  0.44485869
 0.44456371 0.17102612 0.39602052 0.49093182 0.4305219  0.35085804
 0.45172754 0.46266821 0.53057649 0.40764419 0.39932088 0.34510971
 0.32306175 0.36773767 0.40036769 0.45972203 0.47914563 0.40837449
 0.3538966  0.6108803  0.40273875 0.50470941 0.46481715 0.32973724
 0.43107843 0.45545049 0.35599804 0.31458761 0.44036329 0.37813146
 0.54873682 0.36810709 0.3345162  0.42215814 0.41581975 0.29860206
 0.50168625 0.42930465 0.432559   0.38943842 0.3828345  0.42338174
 0.36198083 0.42002017 0.37395785 0.42014959 0.33682324 0.35995924
 0.64615906 0.4444193  0.52387056 0.46814631 0.36546244 0.37475295
 0.38802899 0.30611809 0.40134592 0.44038881 0.16632593 0.23510772
 0.36238513 0.40463314 0.22301088 0.50082601]"
gʲ,"[0.46978167 0.36113045 0.42622163 0.43417352 0.41769239 0.44469027
 0.44467646 0.16989153 0.39624875 0.49115532 0.4301078  0.35149357
 0.45184043 0.46281486 0.53003788 0.40791845 0.39960967 0.34502186
 0.32370035 0.3673957  0.40056356 0.46006487 0.47900359 0.40896883
 0.35368193 0.61121922 0.40287838 0.50503671 0.46466705 0.32955074
 0.43296462 0.45558584 0.35656983 0.3140353  0.44104934 0.37929228
 0.54915403 0.36834434 0.33518398 0.42202659 0.4159867  0.29936614
 0.5018813  0.42963102 0.4330551  0.38962159 0.38248051 0.42371864
 0.3622926  0.42201732 0.37440678 0.41958023 0.33643752 0.36017673
 0.64611945 0.44540511 0.52336028 0.46821158 0.36576554 0.37484239
 0.38970195 0.30702874 0.40096105 0.44063191 0.16530521 0.23496159
 0.36238064 0.40505605 0.22380932 0.50048981]"
x,"[0.4699645  0.36077929 0.42605291 0.43435808 0.41751958 0.44484175
 0.44452724 0.17086945 0.39607263 0.49101203 0.43060549 0.35109791
 0.45180178 0.46274765 0.53076975 0.40691397 0.39925309 0.34502979
 0.32317288 0.36755674 0.40033992 0.45977079 0.47912891 0.40840643
 0.35394488 0.6113495  0.40203703 0.5046276  0.46480055 0.32968546
 0.43163314 0.45555479 0.35608037 0.31529791 0.44044447 0.37805839
 0.54902853 0.3681183  0.33462784 0.42202413 0.41579829 0.2988916
 0.50161581 0.42941085 0.43192042 0.38950375 0.38284226 0.42250435
 0.36195924 0.4206045  0.3738769  0.42026047 0.33686905 0.35984206
 0.6461678  0.44463144 0.52406136 0.46810498 0.36553492 0.37466936
 0.38846961 0.30632777 0.40150251 0.4406094  0.16611283 0.23484524
 0.36236001 0.40467223 0.22326569 0.50109569]"
xʲ,"[0.46998363 0.3610178  0.42593343 0.43445814 0.41750443 0.44487167
 0.44444036 0.17121129 0.39601488 0.49098987 0.43055328 0.35091423
 0.45179339 0.46270569 0.53071567 0.40668045 0.39912159 0.3450687
 0.32297431 0.36764359 0.40022265 0.45970194 0.47910953 0.40830793
 0.35412035 0.61119567 0.40187267 0.50454507 0.46488639 0.32972929
 0.4312244  0.45550664 0.35598442 0.31567854 0.44033291 0.3778988
 0.5488666  0.36802654 0.33442235 0.42201955 0.41571117 0.29870062
 0.50154576 0.42933775 0.43165749 0.38936655 0.3829729  0.42223306
 0.36187578 0.42020623 0.37375319 0.42012102 0.33709069 0.36007502
 0.64617811 0.44436513 0.52402339 0.46809913 0.3654872  0.37465322
 0.38820736 0.30610249 0.40133912 0.44039045 0.16640049 0.23492616
 0.36235191 0.40476468 0.22305347 0.50103734]"
ɣ,"[0.46997064 0.36185772 0.42583115 0.43457868 0.41750988 0.44486504
 0.44461814 0.17146896 0.39601004 0.49109742 0.43012177 0.35073792
 0.45185314 0.46261762 0.53107726 0.406553   0.39909251 0.34500523
 0.32286236 0.3676623  0.40026756 0.45958891 0.47911786 0.40814299
 0.35405596 0.61120814 0.40175094 0.50451392 0.46495842 0.32965877
 0.43075926 0.45547111 0.35598003 0.31598534 0.44022329 0.37786798
 0.54870955 0.36788113 0.33430991 0.42210364 0.41578553 0.29848548
 0.50146281 0.42927087 0.43150671 0.38919194 0.38306316 0.42202449
 0.36178023 0.41950668 0.37370749 0.41931598 0.33703787 0.3608395
 0.64612243 0.44423674 0.52436071 0.46809505 0.36544164 0.37465492
 0.38788852 0.30581678 0.40052596 0.44021619 0.1665464  0.23488821
 0.36232019 0.40524166 0.22285081 0.50126391]"
ɣʲ,"[0.46993    0.36112829 0.42603394 0.43435191 0.4175614  0.44480739
 0.44464603 0.17081843 0.39608193 0.49108952 0.43037757 0.35108765
 0.45181308 0.46274534 0.53070856 0.40697105 0.39925611 0.345041
 0.32320916 0.36756503 0.40043006 0.45978289 0.47908131 0.40850092
 0.35385133 0.61119714 0.40211233 0.50472586 0.46481842 0.32969233
 0.43171    0.45556383 0.35618752 0.31527506 0.44053996 0.37847548
 0.54894205 0.36808147 0.33465961 0.42204164 0.41587083 0.29888694
 0.50159277 0.4294052  0.43201479 0.38933546 0.38281493 0.42256725
 0.36196078 0.4205032  0.3740103  0.41986422 0.33674412 0.36016559
 0.64613285 0.44474773 0.52397713 0.46811416 0.36557473 0.37469549
 0.38866278 0.30632089 0.40114462 0.44044728 0.16605493 0.23491583
 0.3623902  0.40492491 0.22328646 0.50102597]"
ŋ,"[0.4698016  0.36044834 0.4262183  0.43420008 0.41757581 0.44479585
 0.44460366 0.17035087 0.39617272 0.4909744  0.43065574 0.35132316
 0.45180886 0.4627769  0.53060407 0.40768909 0.39948475 0.34500687
 0.32342692 0.36749084 0.40046112 0.45989673 0.47913703 0.40859997
 0.35374198 0.61140258 0.4026649  0.50476245 0.46467998 0.32961182
 0.43222347 0.45557039 0.35620303 0.31428687 0.44064159 0.37830585
 0.54917273 0.36829269 0.33488802 0.42202653 0.41586912 0.29914095
 0.50178993 0.42950032 0.43270354 0.38969204 0.38263891 0.42343411
 0.36212686 0.42131887 0.37406519 0.42042058 0.33658683 0.35953836
 0.64617825 0.44497691 0.52390523 0.46814918 0.36559182 0.37473204
 0.38883602 0.30669596 0.40169685 0.44080973 0.16571802 0.23484439
 0.36237376 0.40452172 0.22353428 0.50094524]"
ŋʲ,"[0.4698766  0.3603532  0.42624955 0.43418117 0.41758457 0.44476902
 0.44457072 0.170147   0.39622227 0.49100793 0.43068591 0.35146933
 0.4518104  0.46282727 0.53055014 0.40755232 0.39951557 0.34496878
 0.32353648 0.36740772 0.40044858 0.45996021 0.47912128 0.40869959
 0.35375434 0.61159129 0.40252624 0.50479989 0.46465481 0.32957748
 0.43261831 0.4556205  0.35628881 0.31436179 0.44075671 0.37851843
 0.54932732 0.36832454 0.33500552 0.42198766 0.41589157 0.29930337
 0.50181179 0.42956938 0.43262414 0.3896888  0.38256021 0.42328008
 0.36217028 0.42172438 0.37413843 0.42047083 0.3365913  0.35945083
 0.64617845 0.44517594 0.52384616 0.4681464  0.36565297 0.37472863
 0.38918852 0.30687575 0.40178232 0.44088877 0.16552734 0.23474632
 0.36236393 0.40453134 0.22369527 0.50094514]"
h,"[0.46999921 0.3641554  0.4256459  0.43487272 0.41762235 0.44474582
 0.44441124 0.17097622 0.39615612 0.4913718  0.42878427 0.35105293
 0.4521975  0.46263379 0.52979995 0.40688952 0.39916902 0.34487968
 0.32313965 0.36734034 0.3998393  0.45973559 0.4789913  0.40837294
 0.35471718 0.61138572 0.4019019  0.50482075 0.46500717 0.32921921
 0.43173621 0.45551446 0.35612305 0.31587677 0.44065827 0.37848762
 0.54867241 0.36793791 0.33451658 0.42212973 0.41608155 0.29878559
 0.50147061 0.42939749 0.43192615 0.38935572 0.38298836 0.42235967
 0.36204384 0.42068461 0.37391965 0.41686818 0.33762289 0.36300525
 0.64602613 0.44468499 0.5232854  0.46828432 0.36565951 0.37482271
 0.38881649 0.30622598 0.39826262 0.44028805 0.16601191 0.23495078
 0.36205454 0.40678926 0.22328088 0.50018233]"
